[{"model": "auth.permission", "pk": 1, "fields": {"name": "Can add log entry", "content_type": 1, "codename": "add_logentry"}}, {"model": "auth.permission", "pk": 2, "fields": {"name": "Can change log entry", "content_type": 1, "codename": "change_logentry"}}, {"model": "auth.permission", "pk": 3, "fields": {"name": "Can delete log entry", "content_type": 1, "codename": "delete_logentry"}}, {"model": "auth.permission", "pk": 4, "fields": {"name": "Can view log entry", "content_type": 1, "codename": "view_logentry"}}, {"model": "auth.permission", "pk": 5, "fields": {"name": "Can add permission", "content_type": 2, "codename": "add_permission"}}, {"model": "auth.permission", "pk": 6, "fields": {"name": "Can change permission", "content_type": 2, "codename": "change_permission"}}, {"model": "auth.permission", "pk": 7, "fields": {"name": "Can delete permission", "content_type": 2, "codename": "delete_permission"}}, {"model": "auth.permission", "pk": 8, "fields": {"name": "Can view permission", "content_type": 2, "codename": "view_permission"}}, {"model": "auth.permission", "pk": 9, "fields": {"name": "Can add group", "content_type": 3, "codename": "add_group"}}, {"model": "auth.permission", "pk": 10, "fields": {"name": "Can change group", "content_type": 3, "codename": "change_group"}}, {"model": "auth.permission", "pk": 11, "fields": {"name": "Can delete group", "content_type": 3, "codename": "delete_group"}}, {"model": "auth.permission", "pk": 12, "fields": {"name": "Can view group", "content_type": 3, "codename": "view_group"}}, {"model": "auth.permission", "pk": 13, "fields": {"name": "Can add content type", "content_type": 4, "codename": "add_contenttype"}}, {"model": "auth.permission", "pk": 14, "fields": {"name": "Can change content type", "content_type": 4, "codename": "change_contenttype"}}, {"model": "auth.permission", "pk": 15, "fields": {"name": "Can delete content type", "content_type": 4, "codename": "delete_contenttype"}}, {"model": "auth.permission", "pk": 16, "fields": {"name": "Can view content type", "content_type": 4, "codename": "view_contenttype"}}, {"model": "auth.permission", "pk": 17, "fields": {"name": "Can add session", "content_type": 5, "codename": "add_session"}}, {"model": "auth.permission", "pk": 18, "fields": {"name": "Can change session", "content_type": 5, "codename": "change_session"}}, {"model": "auth.permission", "pk": 19, "fields": {"name": "Can delete session", "content_type": 5, "codename": "delete_session"}}, {"model": "auth.permission", "pk": 20, "fields": {"name": "Can view session", "content_type": 5, "codename": "view_session"}}, {"model": "auth.permission", "pk": 21, "fields": {"name": "Can add Категория", "content_type": 6, "codename": "add_categories"}}, {"model": "auth.permission", "pk": 22, "fields": {"name": "Can change Категория", "content_type": 6, "codename": "change_categories"}}, {"model": "auth.permission", "pk": 23, "fields": {"name": "Can delete Категория", "content_type": 6, "codename": "delete_categories"}}, {"model": "auth.permission", "pk": 24, "fields": {"name": "Can view Категория", "content_type": 6, "codename": "view_categories"}}, {"model": "auth.permission", "pk": 25, "fields": {"name": "Can add Жанр", "content_type": 7, "codename": "add_genre"}}, {"model": "auth.permission", "pk": 26, "fields": {"name": "Can change Жанр", "content_type": 7, "codename": "change_genre"}}, {"model": "auth.permission", "pk": 27, "fields": {"name": "Can delete Жанр", "content_type": 7, "codename": "delete_genre"}}, {"model": "auth.permission", "pk": 28, "fields": {"name": "Can view Жанр", "content_type": 7, "codename": "view_genre"}}, {"model": "auth.permission", "pk": 29, "fields": {"name": "Can add Произведение", "content_type": 8, "codename": "add_title"}}, {"model": "auth.permission", "pk": 30, "fields": {"name": "Can change Произведение", "content_type": 8, "codename": "change_title"}}, {"model": "auth.permission", "pk": 31, "fields": {"name": "Can delete Произведение", "content_type": 8, "codename": "delete_title"}}, {"model": "auth.permission", "pk": 32, "fields": {"name": "Can view Произведение", "content_type": 8, "codename": "view_title"}}, {"model": "auth.permission", "pk": 33, "fields": {"name": "Can add Отзывы", "content_type": 9, "codename": "add_review"}}, {"model": "auth.permission", "pk": 34, "fields": {"name": "Can change Отзывы", "content_type": 9, "codename": "change_review"}}, {"model": "auth.permission", "pk": 35, "fields": {"name": "Can delete Отзывы", "content_type": 9, "codename": "delete_review"}}, {"model": "auth.permission", "pk": 36, "fields": {"name": "Can view Отзывы", "content_type": 9, "codename": "view_review"}}, {"model": "auth.permission", "pk": 37, "fields": {"name": "Can add genre title", "content_type": 10, "codename": "add_genretitle"}}, {"model": "auth.permission", "pk": 38, "fields": {"name": "Can change genre title", "content_type": 10, "codename": "change_genretitle"}}, {"model": "auth.permission", "pk": 39, "fields": {"name": "Can delete genre title", "content_type": 10, "codename": "delete_genretitle"}}, {"model": "auth.permission", "pk": 40, "fields": {"name": "Can view genre title", "content_type": 10, "codename": "view_genretitle"}}, {"model": "auth.permission", "pk": 41, "fields": {"name": "Can add Комментарии", "content_type": 11, "codename": "add_comment"}}, {"model": "auth.permission", "pk": 42, "fields": {"name": "Can change Комментарии", "content_type": 11, "codename": "change_comment"}}, {"model": "auth.permission", "pk": 43, "fields": {"name": "Can delete Комментарии", "content_type": 11, "codename": "delete_comment"}}, {"model": "auth.permission", "pk": 44, "fields": {"name": "Can view Комментарии", "content_type": 11, "codename": "view_comment"}}, {"model": "auth.permission", "pk": 45, "fields": {"name": "Can add Пользователь", "content_type": 12, "codename": "add_user"}}, {"model": "auth.permission", "pk": 46, "fields": {"name": "Can change Пользователь", "content_type": 12, "codename": "change_user"}}, {"model": "auth.permission", "pk": 47, "fields": {"name": "Can delete Пользователь", "content_type": 12, "codename": "delete_user"}}, {"model": "auth.permission", "pk": 48, "fields": {"name": "Can view Пользователь", "content_type": 12, "codename": "view_user"}}, {"model": "contenttypes.contenttype", "pk": 1, "fields": {"app_label": "admin", "model": "logentry"}}, {"model": "contenttypes.contenttype", "pk": 2, "fields": {"app_label": "auth", "model": "permission"}}, {"model": "contenttypes.contenttype", "pk": 3, "fields": {"app_label": "auth", "model": "group"}}, {"model": "contenttypes.contenttype", "pk": 4, "fields": {"app_label": "contenttypes", "model": "contenttype"}}, {"model": "contenttypes.contenttype", "pk": 5, "fields": {"app_label": "sessions", "model": "session"}}, {"model": "contenttypes.contenttype", "pk": 6, "fields": {"app_label": "reviews", "model": "categories"}}, {"model": "contenttypes.contenttype", "pk": 7, "fields": {"app_label": "reviews", "model": "genre"}}, {"model": "contenttypes.contenttype", "pk": 8, "fields": {"app_label": "reviews", "model": "title"}}, {"model": "contenttypes.contenttype", "pk": 9, "fields": {"app_label": "reviews", "model": "review"}}, {"model": "contenttypes.contenttype", "pk": 10, "fields": {"app_label": "reviews", "model": "genretitle"}}, {"model": "contenttypes.contenttype", "pk": 11, "fields": {"app_label": "reviews", "model": "comment"}}, {"model": "contenttypes.contenttype", "pk": 12, "fields": {"app_label": "users", "model": "user"}}, {"model": "sessions.session", "pk": "m3732azd8h5nby71cz0dqy63pw5w3xar", "fields": {"session_data": ".eJxVjEEOwiAQRe_C2pASpgVcuvcMZGBmpGogKe3KeHdt0oVu_3vvv1TEbS1x67zEmdRZGXX63RLmB9cd0B3rrenc6rrMSe-KPmjX10b8vBzu30HBXr61G2g0KSQKCYEnNhOBCXbM4IB8YCeC1qUsg4B34K0lL0ggzGKCy-r9AfSBOLU:1pu7t9:GrMLwWXc5xXBhwLPKg-I1dWbwaucrqOcs-uYwuRn01s", "expire_date": "2023-05-17T08:31:03.387Z"}}, {"model": "reviews.categories", "pk": 1, "fields": {"name": "Фильм", "slug": "movie"}}, {"model": "reviews.categories", "pk": 2, "fields": {"name": "Книга", "slug": "book"}}, {"model": "reviews.categories", "pk": 3, "fields": {"name": "Музыка", "slug": "music"}}, {"model": "reviews.genre", "pk": 1, "fields": {"name": "Драма", "slug": "drama"}}, {"model": "reviews.genre", "pk": 2, "fields": {"name": "Комедия", "slug": "comedy"}}, {"model": "reviews.genre", "pk": 3, "fields": {"name": "Вестерн", "slug": "western"}}, {"model": "reviews.genre", "pk": 4, "fields": {"name": "Фэнтези", "slug": "fantasy"}}, {"model": "reviews.genre", "pk": 5, "fields": {"name": "Фантастика", "slug": "sci-fi"}}, {"model": "reviews.genre", "pk": 6, "fields": {"name": "Детектив", "slug": "detective"}}, {"model": "reviews.genre", "pk": 7, "fields": {"name": "Триллер", "slug": "thriller"}}, {"model": "reviews.genre", "pk": 8, "fields": {"name": "Сказка", "slug": "tale"}}, {"model": "reviews.genre", "pk": 9, "fields": {"name": "Гонзо", "slug": "gonzo"}}, {"model": "reviews.genre", "pk": 10, "fields": {"name": "Роман", "slug": "roman"}}, {"model": "reviews.genre", "pk": 11, "fields": {"name": "Баллада", "slug": "ballad"}}, {"model": "reviews.genre", "pk": 12, "fields": {"name": "Rock-n-roll", "slug": "rock-n-roll"}}, {"model": "reviews.genre", "pk": 13, "fields": {"name": "Классика", "slug": "classical"}}, {"model": "reviews.genre", "pk": 14, "fields": {"name": "Рок", "slug": "rock"}}, {"model": "reviews.genre", "pk": 15, "fields": {"name": "Шансон", "slug": "chanson"}}, {"model": "reviews.title", "pk": 1, "fields": {"name": "Побег из Шоушенка", "category": 1, "year": 1994, "description": "", "genre": []}}, {"model": "reviews.title", "pk": 2, "fields": {"name": "Крестный отец", "category": 1, "year": 1972, "description": "", "genre": []}}, {"model": "reviews.title", "pk": 3, "fields": {"name": "12 разгневанных мужчин", "category": 1, "year": 1957, "description": "", "genre": []}}, {"model": "reviews.title", "pk": 4, "fields": {"name": "Список Шиндлера", "category": 1, "year": 1993, "description": "", "genre": []}}, {"model": "reviews.title", "pk": 5, "fields": {"name": "Криминальное чтиво", "category": 1, "year": 1994, "description": "", "genre": []}}, {"model": "reviews.title", "pk": 6, "fields": {"name": "Хороший, плохой, злой", "category": 1, "year": 1966, "description": "", "genre": []}}, {"model": "reviews.title", "pk": 7, "fields": {"name": "Властелин колец: Братство кольца", "category": 1, "year": 2001, "description": "", "genre": []}}, {"model": "reviews.title", "pk": 8, "fields": {"name": "Бойцовский клуб", "category": 1, "year": 1999, "description": "", "genre": []}}, {"model": "reviews.title", "pk": 9, "fields": {"name": "Форрест Гамп", "category": 1, "year": 1994, "description": "", "genre": []}}, {"model": "reviews.title", "pk": 10, "fields": {"name": "Звёздные войны. Эпизод 5: Империя наносит ответный удар", "category": 1, "year": 1980, "description": "", "genre": []}}, {"model": "reviews.title", "pk": 11, "fields": {"name": "Властелин колец: Две крепости", "category": 1, "year": 2002, "description": "", "genre": []}}, {"model": "reviews.title", "pk": 12, "fields": {"name": "Матрица", "category": 1, "year": 1999, "description": "", "genre": []}}, {"model": "reviews.title", "pk": 13, "fields": {"name": "Пролетая над гнездом кукушки", "category": 1, "year": 1975, "description": "", "genre": []}}, {"model": "reviews.title", "pk": 14, "fields": {"name": "Назад в будущее", "category": 1, "year": 1985, "description": "", "genre": []}}, {"model": "reviews.title", "pk": 15, "fields": {"name": "Операция «Ы» и другие приключения Шурика", "category": 1, "year": 1965, "description": "", "genre": []}}, {"model": "reviews.title", "pk": 16, "fields": {"name": "Карты, деньги, два ствола", "category": 1, "year": 1998, "description": "", "genre": []}}, {"model": "reviews.title", "pk": 17, "fields": {"name": "Джентльмены удачи ", "category": 1, "year": 1971, "description": "", "genre": []}}, {"model": "reviews.title", "pk": 18, "fields": {"name": "Джанго освобожденный", "category": 1, "year": 2012, "description": "", "genre": []}}, {"model": "reviews.title", "pk": 19, "fields": {"name": "Generation П", "category": 1, "year": 2011, "description": "", "genre": []}}, {"model": "reviews.title", "pk": 20, "fields": {"name": "Колобок", "category": 2, "year": 1873, "description": "", "genre": []}}, {"model": "reviews.title", "pk": 21, "fields": {"name": "Страх и ненависть в Лас-Вегасе", "category": 2, "year": 1971, "description": "", "genre": []}}, {"model": "reviews.title", "pk": 22, "fields": {"name": "Война и мир", "category": 2, "year": 1865, "description": "", "genre": []}}, {"model": "reviews.title", "pk": 23, "fields": {"name": "Улисс", "category": 2, "year": 1918, "description": "", "genre": []}}, {"model": "reviews.title", "pk": 24, "fields": {"name": "Generation П", "category": 2, "year": 1999, "description": "", "genre": []}}, {"model": "reviews.title", "pk": 25, "fields": {"name": "Винни Пух и все-все-все", "category": 2, "year": 1926, "description": "", "genre": []}}, {"model": "reviews.title", "pk": 26, "fields": {"name": "Стас Михайлов - Позывные на любовь", "category": 3, "year": 2004, "description": "", "genre": []}}, {"model": "reviews.title", "pk": 27, "fields": {"name": "Led Zeppelin — Stairway to Heaven", "category": 3, "year": 1971, "description": "", "genre": []}}, {"model": "reviews.title", "pk": 28, "fields": {"name": "Jethro Tull - Aqualung", "category": 3, "year": 1971, "description": "", "genre": []}}, {"model": "reviews.title", "pk": 29, "fields": {"name": "Elvis Presley - Blue Suede Shoes", "category": 3, "year": 1955, "description": "", "genre": []}}, {"model": "reviews.title", "pk": 30, "fields": {"name": "Deep Purple — Smoke on the Water", "category": 3, "year": 1971, "description": "", "genre": []}}, {"model": "reviews.title", "pk": 31, "fields": {"name": "Моцарт - Турецкий марш", "category": 3, "year": 1784, "description": "", "genre": []}}, {"model": "reviews.title", "pk": 32, "fields": {"name": "Бах. Оркестровая Сюита №2 си минор", "category": 3, "year": 1739, "description": "", "genre": []}}, {"model": "reviews.genretitle", "pk": 1, "fields": {"genre_id": 1, "title_id": 1}}, {"model": "reviews.genretitle", "pk": 2, "fields": {"genre_id": 1, "title_id": 2}}, {"model": "reviews.genretitle", "pk": 3, "fields": {"genre_id": 1, "title_id": 3}}, {"model": "reviews.genretitle", "pk": 4, "fields": {"genre_id": 1, "title_id": 4}}, {"model": "reviews.genretitle", "pk": 5, "fields": {"genre_id": 2, "title_id": 5}}, {"model": "reviews.genretitle", "pk": 6, "fields": {"genre_id": 6, "title_id": 5}}, {"model": "reviews.genretitle", "pk": 7, "fields": {"genre_id": 7, "title_id": 5}}, {"model": "reviews.genretitle", "pk": 8, "fields": {"genre_id": 3, "title_id": 6}}, {"model": "reviews.genretitle", "pk": 9, "fields": {"genre_id": 4, "title_id": 7}}, {"model": "reviews.genretitle", "pk": 10, "fields": {"genre_id": 7, "title_id": 8}}, {"model": "reviews.genretitle", "pk": 11, "fields": {"genre_id": 1, "title_id": 9}}, {"model": "reviews.genretitle", "pk": 12, "fields": {"genre_id": 2, "title_id": 9}}, {"model": "reviews.genretitle", "pk": 13, "fields": {"genre_id": 4, "title_id": 10}}, {"model": "reviews.genretitle", "pk": 14, "fields": {"genre_id": 4, "title_id": 11}}, {"model": "reviews.genretitle", "pk": 15, "fields": {"genre_id": 1, "title_id": 12}}, {"model": "reviews.genretitle", "pk": 16, "fields": {"genre_id": 5, "title_id": 12}}, {"model": "reviews.genretitle", "pk": 17, "fields": {"genre_id": 6, "title_id": 12}}, {"model": "reviews.genretitle", "pk": 18, "fields": {"genre_id": 8, "title_id": 12}}, {"model": "reviews.genretitle", "pk": 19, "fields": {"genre_id": 1, "title_id": 13}}, {"model": "reviews.genretitle", "pk": 20, "fields": {"genre_id": 5, "title_id": 14}}, {"model": "reviews.genretitle", "pk": 21, "fields": {"genre_id": 2, "title_id": 15}}, {"model": "reviews.genretitle", "pk": 22, "fields": {"genre_id": 6, "title_id": 15}}, {"model": "reviews.genretitle", "pk": 23, "fields": {"genre_id": 8, "title_id": 15}}, {"model": "reviews.genretitle", "pk": 24, "fields": {"genre_id": 2, "title_id": 16}}, {"model": "reviews.genretitle", "pk": 25, "fields": {"genre_id": 2, "title_id": 17}}, {"model": "reviews.genretitle", "pk": 26, "fields": {"genre_id": 1, "title_id": 18}}, {"model": "reviews.genretitle", "pk": 27, "fields": {"genre_id": 1, "title_id": 19}}, {"model": "reviews.genretitle", "pk": 28, "fields": {"genre_id": 7, "title_id": 20}}, {"model": "reviews.genretitle", "pk": 29, "fields": {"genre_id": 8, "title_id": 20}}, {"model": "reviews.genretitle", "pk": 30, "fields": {"genre_id": 9, "title_id": 21}}, {"model": "reviews.genretitle", "pk": 31, "fields": {"genre_id": 10, "title_id": 22}}, {"model": "reviews.genretitle", "pk": 32, "fields": {"genre_id": 10, "title_id": 23}}, {"model": "reviews.genretitle", "pk": 33, "fields": {"genre_id": 10, "title_id": 24}}, {"model": "reviews.genretitle", "pk": 34, "fields": {"genre_id": 8, "title_id": 25}}, {"model": "reviews.genretitle", "pk": 35, "fields": {"genre_id": 15, "title_id": 26}}, {"model": "reviews.genretitle", "pk": 36, "fields": {"genre_id": 11, "title_id": 27}}, {"model": "reviews.genretitle", "pk": 37, "fields": {"genre_id": 14, "title_id": 27}}, {"model": "reviews.genretitle", "pk": 38, "fields": {"genre_id": 11, "title_id": 28}}, {"model": "reviews.genretitle", "pk": 39, "fields": {"genre_id": 12, "title_id": 29}}, {"model": "reviews.genretitle", "pk": 40, "fields": {"genre_id": 14, "title_id": 30}}, {"model": "reviews.genretitle", "pk": 41, "fields": {"genre_id": 13, "title_id": 31}}, {"model": "reviews.genretitle", "pk": 42, "fields": {"genre_id": 13, "title_id": 32}}, {"model": "reviews.review", "pk": 1, "fields": {"text": "Ставлю десять звёзд!\n...Эти голоса были чище и светлее тех, о которых мечтали в этом сером, убогом месте. Как будто две птички влетели и своими голосами развеяли стены наших клеток, и на короткий миг каждый человек в Шоушенке почувствовал себя свободным.", "author": 100, "pub_date": "2023-05-03T08:36:23.824Z", "title": 1, "score": 10}}, {"model": "reviews.review", "pk": 2, "fields": {"text": "Не привыкай\n«Эти стены имеют одно свойство: сначала ты их ненавидишь, потом привыкаешь, а потом не можешь без них жить»", "author": 101, "pub_date": "2023-05-03T08:36:23.829Z", "title": 1, "score": 10}}, {"model": "reviews.review", "pk": 3, "fields": {"text": "Фильм, разобранный на цитаты, достоин высшей оценки. Десять с плюсом (жаль, тут плюса нет)\n\"Ты пришел и говоришь: \"Дон Корлеоне, мне нужна справедливость\". Но ты просишь без уважения, ты не предлагаешь дружбу, ты даже не назвал меня Крестным Отцом.\"", "author": 102, "pub_date": "2023-05-03T08:36:23.834Z", "title": 2, "score": 10}}, {"model": "reviews.review", "pk": 4, "fields": {"text": "Жестокий, жестокий, жестокий мир, не о таком мечтали мы в детстве!!111\n***Отец сделал ему предложение, от которого он не смог отказаться. Лука Брази держал пистолет у его виска, и отец предложил выбор: либо на контракте мозги, либо подпись.***", "author": 103, "pub_date": "2023-05-03T08:36:23.839Z", "title": 2, "score": 1}}, {"model": "reviews.review", "pk": 5, "fields": {"text": "Это мои соседи! Ставлю три звезды за то, что они дважды отдавили мне окном пальцы:\n----------------------\n— Вы живёте в плохом районе?\n— Не то слово. Однажды с нашей улицы угнали полицейскую машину с двумя полицейскими. В дом всё время лезут воры. Каждый раз, как я пытаюсь закрыть окно, прищемляю кому-нибудь пальцы.", "author": 104, "pub_date": "2023-05-03T08:36:23.845Z", "title": 2, "score": 3}}, {"model": "reviews.review", "pk": 6, "fields": {"text": "Сходила в кино, решила написать: драйв и огонь, но иногда какой-то бред на экране. В середине фильма просто отличные диалоги! Пусть будет 7", "author": 100, "pub_date": "2023-05-03T08:36:23.849Z", "title": 3, "score": 7}}, {"model": "reviews.review", "pk": 7, "fields": {"text": "Смотрел, не отрываясь, хочу описать свои впечатления. По моему мнению, сценарий подкачал, зато подбор актёров - супер. Начало немного затянуто. Оператору - Оскара! Всё остальное - не очень. Фильм тянет на 8 из 10", "author": 101, "pub_date": "2023-05-03T08:36:23.854Z", "title": 3, "score": 8}}, {"model": "reviews.review", "pk": 8, "fields": {"text": "Скачал, посмотрел, думаю, что актёры так себе, сценарий хороший. Диалоги прекрасные, так что пусть будет восемь звезд", "author": 102, "pub_date": "2023-05-03T08:36:23.858Z", "title": 4, "score": 8}}, {"model": "reviews.review", "pk": 9, "fields": {"text": "Посмотрел. По моему мнению, актёры так себе, но сценарий хороший. Первую половину фильма можно спать, не опасаясь, что что-то пропустишь. Не раздумывая, ставлю уверенную десятку", "author": 103, "pub_date": "2023-05-03T08:36:23.864Z", "title": 4, "score": 10}}, {"model": "reviews.review", "pk": 10, "fields": {"text": "Всё, как в разных языках программирования! В основном — похоже, но вот эти маленькие различия выводят из себя. \nВеликий фильм на все случаи жизни!\n=====================================================\n— А знаешь, как в Париже называют четвертьфунтовый чизбургер?\n— Что, они не зовут его четвертьфунтовый чизбургер?\n— У них там метрическая система. Они вообще там не понимают, что за хрен четверть фунта.\n— И как они его зовут?\n— Они зовут его «Роял чизбургер».\n— «Роял чизбургер»? А как же тогда они зовут «Биг Мак»?\n— «Биг Мак» это «Биг Мак», только они называют его «Лё Биг Мак».", "author": 100, "pub_date": "2023-05-03T08:36:23.869Z", "title": 5, "score": 8}}, {"model": "reviews.review", "pk": 11, "fields": {"text": "Ничего не понятно. Они там что, страницы сценария перепутали? Его сперва убили, а потом он опять жив, а они сперва в футболках, потом в костюмах, а потом опять в футболках. Ерунда полная", "author": 101, "pub_date": "2023-05-03T08:36:23.874Z", "title": 5, "score": 1}}, {"model": "reviews.review", "pk": 12, "fields": {"text": "Очень поучительный фильм о том, что такое хорошо, что такое плохо и почему не надо читать в туалете.\nТвердая восьмёрка", "author": 102, "pub_date": "2023-05-03T08:36:23.878Z", "title": 5, "score": 8}}, {"model": "reviews.review", "pk": 13, "fields": {"text": "Посмотрел фильм. \n— На свете есть два типа людей: те, кто копает и те, у кого заряжен револьвер.\nПойду копать, как велел Клинт. \nДевять баллов.", "author": 103, "pub_date": "2023-05-03T08:36:23.883Z", "title": 6, "score": 9}}, {"model": "reviews.review", "pk": 14, "fields": {"text": "Вечная проблема всех злодеев, болтающих-болтающих-болтающих вместо того, чтобы просто застрелить противника, одним махом решена в этой сцене.\nЗа одно это фильм заслуживает высшего балла\n\"Пришел стрелять - стреляй, а не болтай!\"", "author": 104, "pub_date": "2023-05-03T08:36:23.888Z", "title": 6, "score": 10}}, {"model": "reviews.review", "pk": 15, "fields": {"text": "Скачал, посмотрел, думаю, что сценарий подкачал, зато подбор актёров - супер. Начало немного затянуто, да и вообще не очень. Фильм едва тянет на 4", "author": 100, "pub_date": "2023-05-03T08:36:23.892Z", "title": 7, "score": 4}}, {"model": "reviews.review", "pk": 16, "fields": {"text": "Скажу тем, кто ещё не смотрел: если бы я был режиссёром этого фильма - я бы не гордился. Оператора уволить, фильм получился так себе, но один раз посмотреть - сойдёт. Авторы честно заслужили 5 из 10", "author": 104, "pub_date": "2023-05-03T08:36:23.897Z", "title": 7, "score": 5}}, {"model": "reviews.review", "pk": 17, "fields": {"text": "Мне кажется, что я впустую потерял время. Ставлю 2", "author": 101, "pub_date": "2023-05-03T08:36:23.902Z", "title": 8, "score": 2}}, {"model": "reviews.review", "pk": 18, "fields": {"text": "Посмотрела. Актёры так себе, сценарий хороший. Уснула к середине. Не раздумывая, ставлю двойку ", "author": 102, "pub_date": "2023-05-03T08:36:23.907Z", "title": 8, "score": 2}}, {"model": "reviews.review", "pk": 19, "fields": {"text": "Для людей, которые хотят посмеяться и получить море эмоций, тот самый фильм. Мне очень понравился.", "author": 100, "pub_date": "2023-05-03T08:36:23.912Z", "title": 9, "score": 10}}, {"model": "reviews.review", "pk": 20, "fields": {"text": "Все очень долго ждали премьеру фильма,и наконец дождались.Фильм отличный,добрый,смотрится почти на одном дыхании,с завязанным сюжетом и не менее крутой музыкой.Кино очень понравилось!!!Всем советую.", "author": 103, "pub_date": "2023-05-03T08:36:23.916Z", "title": 9, "score": 10}}, {"model": "reviews.review", "pk": 21, "fields": {"text": "Отстой-фильм. Не ходите", "author": 104, "pub_date": "2023-05-03T08:36:23.921Z", "title": 9, "score": 1}}, {"model": "reviews.review", "pk": 22, "fields": {"text": "Первый раз в жизни решила написать отзыв,чтобы предостеречь от потери денег на билет и траты времени на просмотр. К игре актеров претензий нет", "author": 101, "pub_date": "2023-05-03T08:36:23.926Z", "title": 10, "score": 2}}, {"model": "reviews.review", "pk": 23, "fields": {"text": "2 часа смотрятся на одном дыхании. Спецэффекты на уровне фильмов Марвела. Смотрели всей семьей. Посмотрел несколько отзывов, понял , что фильм стоит посмотреть", "author": 102, "pub_date": "2023-05-03T08:36:23.931Z", "title": 10, "score": 10}}, {"model": "reviews.review", "pk": 24, "fields": {"text": "Тупее не видел, смотреть не интересно скучняк", "author": 100, "pub_date": "2023-05-03T08:36:23.935Z", "title": 11, "score": 1}}, {"model": "reviews.review", "pk": 25, "fields": {"text": "Действия персонажей вызывают постоянный вопросы - что и зачем они это делают. Логики просто нет. После половины фильма уже хочется уйти", "author": 103, "pub_date": "2023-05-03T08:36:23.940Z", "title": 11, "score": 1}}, {"model": "reviews.review", "pk": 26, "fields": {"text": "Лучший фильм, однозначно. Шедевр. Но следует понимать, что это не кино под пиво для молодежи. Стильно снято, на одном дыхании\nсмотрится, персонажи великолепны", "author": 104, "pub_date": "2023-05-03T08:36:23.946Z", "title": 11, "score": 10}}, {"model": "reviews.review", "pk": 27, "fields": {"text": "Фильм интересный,но не доработанный.Остроты сюжета не хватает", "author": 101, "pub_date": "2023-05-03T08:36:23.950Z", "title": 12, "score": 8}}, {"model": "reviews.review", "pk": 28, "fields": {"text": "Самая сильная картина за последнее время. Фильм заставляет плакать, радоваться, грустить, держит в напряжении", "author": 102, "pub_date": "2023-05-03T08:36:23.955Z", "title": 12, "score": 10}}, {"model": "reviews.review", "pk": 29, "fields": {"text": "С огромным удовольствием сходила в кинотеатр. Одноразовые фильмы, названия которых забываешь на выходе из дверей кинозала, разочаровывают. И вот настоящий, душевный, жизненный фильм. Игра акторов и сюжет бомбические.", "author": 103, "pub_date": "2023-05-03T08:36:23.960Z", "title": 12, "score": 9}}, {"model": "reviews.review", "pk": 30, "fields": {"text": "Хотелось уйти уже на двадцатой минуте. Неинтересно и нудно. Режиссура не впечатлила, ну просто неинтересно смотреть было", "author": 100, "pub_date": "2023-05-03T08:36:23.965Z", "title": 13, "score": 2}}, {"model": "reviews.review", "pk": 31, "fields": {"text": "Фильм стоит увидеть тем, кому интересно современное кино. Не скучно, не затянуто, понравилась операторская работа, некоторые сцены сделаны на хорошем уровне", "author": 101, "pub_date": "2023-05-03T08:36:23.970Z", "title": 13, "score": 8}}, {"model": "reviews.review", "pk": 32, "fields": {"text": "Что сказать после просмотра? Ничего. Такое ощущение, что тебя обманули, заставили смотреть за твои деньги на стену", "author": 104, "pub_date": "2023-05-03T08:36:23.974Z", "title": 13, "score": 1}}, {"model": "reviews.review", "pk": 33, "fields": {"text": "Недавно именно так я изобрёл вечный двигатель! Чистая правда в фильме, почему он назван \"фантастикой\", это же полнейший реализм!\nВот цитата. Но зачем ему часы в уборной?!\n— В тот день я изобрёл путешествие во времени! Как сейчас помню… Я стоял на унитазе и вешал часы. Вдруг подскользнулся, ударился головой о раковину", "author": 101, "pub_date": "2023-05-03T08:36:23.979Z", "title": 14, "score": 8}}, {"model": "reviews.review", "pk": 34, "fields": {"text": "Великий фильм, жаль только, что будущее, которое в нём показано, уже в прошлом. Но проблемы всё теже, вот как эта, например: «Док, послушай, всё, что нам нужно — это немного плутония!»\nВсегда не хватает какой-нибудь мелочи. Семёрка за то, что будущее оказалось не таким, как обещали.", "author": 102, "pub_date": "2023-05-03T08:36:23.984Z", "title": 14, "score": 7}}, {"model": "reviews.review", "pk": 35, "fields": {"text": "Будущее выглядит странно и неожиданно, тоже мне, бином Ньютона. Но диалог прекрасен, и за это не стану сильно минусовать.\n-- Then tell me, future boy, who's President of the United States in 1985?\n-- Ronald Reagan.\n-- Ronald Reagan? The actor? Then who's vice president? Jerry Lewis?", "author": 103, "pub_date": "2023-05-03T08:36:23.989Z", "title": 14, "score": 4}}, {"model": "reviews.review", "pk": 36, "fields": {"text": "Муторно и тяжело. Ставлю 2", "author": 102, "pub_date": "2023-05-03T08:36:23.993Z", "title": 15, "score": 2}}, {"model": "reviews.review", "pk": 37, "fields": {"text": "Фильм не оправдал ожиданий. Сплошная каша, слабый сценарий. С трудом досмотрела до конца. Ожидала нечто такого интересного и захватывающее. Полное разочарование. Отдельные несвязные сцены, непонятные диалоги", "author": 103, "pub_date": "2023-05-03T08:36:23.998Z", "title": 15, "score": 3}}, {"model": "reviews.review", "pk": 38, "fields": {"text": "Мне фильм понравился. Все качественно,красиво. Игра актеров, в основном, очень даже. Но слишком много, для меня кровавых сцен,слабонервным просьба не смотреть", "author": 104, "pub_date": "2023-05-03T08:36:24.003Z", "title": 15, "score": 9}}, {"model": "reviews.review", "pk": 39, "fields": {"text": "Зря потерянное время! Эмоции после просмотра, - безысходность, ничего уже не изменишь. Фильм вообще никакой!!!\nИ поставили его люди бездарные и никчёмные!!!", "author": 100, "pub_date": "2023-05-03T08:36:24.008Z", "title": 16, "score": 1}}, {"model": "reviews.review", "pk": 40, "fields": {"text": "После просмотра разочарование граничит с шоком. Бездарный фильм, как предыдущий от этого же режиссера. Не рекомендую никому! Плохо, неправдоподобно, скомкано снято.", "author": 101, "pub_date": "2023-05-03T08:36:24.013Z", "title": 16, "score": 2}}, {"model": "reviews.review", "pk": 41, "fields": {"text": "Фильм мощный. Главное - не занимать чью-то позицию, а смотреть со стороны. Впервые вижу, чтобы было так детально показаны переживания и эмоции каждого героя. Все на своем месте. Актеры и графика на высоте.", "author": 102, "pub_date": "2023-05-03T08:36:24.018Z", "title": 16, "score": 10}}, {"model": "reviews.review", "pk": 42, "fields": {"text": "Если такой жанр вам по вкусу, то даже не сомневайтесь - бегом в кинотеатр! Фильм - огонь! Интересный сюжет, великолепная игра актёров, съёмки просто супер, да и спецэффекты на высоте", "author": 103, "pub_date": "2023-05-03T08:36:24.023Z", "title": 17, "score": 10}}, {"model": "reviews.review", "pk": 43, "fields": {"text": "Неужели из тюрьмы так легко было сбежать? Раз - и ты на свободе. Да, побег из Шоушенка пришлось готовить немного дольше. Пять за соцреализм", "author": 104, "pub_date": "2023-05-03T08:36:24.028Z", "title": 17, "score": 5}}, {"model": "reviews.review", "pk": 44, "fields": {"text": "Разочарованине, вытащила себя в кино, а тут такое. Реклама шла мноообещающая, а в реальности всё не то", "author": 100, "pub_date": "2023-05-03T08:36:24.032Z", "title": 18, "score": 2}}, {"model": "reviews.review", "pk": 45, "fields": {"text": "Сюжет, мысль, философия, игра актеров, эмоции - блеск! Сюжет динамичный, игра актёров хороша, но не идеальна.", "author": 104, "pub_date": "2023-05-03T08:36:24.037Z", "title": 18, "score": 8}}, {"model": "reviews.review", "pk": 46, "fields": {"text": "Неправдоподобный, нелогичный, бессмысленный фильм. Просто никакой, можете даже не смотреть, сути не уловите. Мне понравился", "author": 101, "pub_date": "2023-05-03T08:36:24.042Z", "title": 19, "score": 10}}, {"model": "reviews.review", "pk": 47, "fields": {"text": "Интересно продуманный фильм, цепляет необычным сюжетом. длинный, что бывает не во всех фильмах. Актёры крутые. В общем, посмотреть можно.", "author": 102, "pub_date": "2023-05-03T08:36:24.047Z", "title": 19, "score": 8}}, {"model": "reviews.review", "pk": 48, "fields": {"text": "Внимательно слежу за всеми новыми изданиями, покупаю каждое. Лучший триллер тысячелетия — это «Колобок»", "author": 103, "pub_date": "2023-05-03T08:36:24.051Z", "title": 20, "score": 10}}, {"model": "reviews.review", "pk": 49, "fields": {"text": "А вот у кипчаков «колобок» — шарик из навоза! И сказка приобретает совсем другой смысл! «Не хитри, а то навоза накушаешься!»", "author": 104, "pub_date": "2023-05-03T08:36:24.056Z", "title": 20, "score": 10}}, {"model": "reviews.review", "pk": 50, "fields": {"text": "Прочла от начала до конца, не отрываясь. Ужасная книга, чему она может научить нашу молодёжь.", "author": 100, "pub_date": "2023-05-03T08:36:24.061Z", "title": 21, "score": 1}}, {"model": "reviews.review", "pk": 51, "fields": {"text": "Суровые американские семидесятые в документальном изложении. Как автор дожил до 2005-го года — загадка. Но роман прекрасный.", "author": 101, "pub_date": "2023-05-03T08:36:24.065Z", "title": 21, "score": 10}}, {"model": "reviews.review", "pk": 52, "fields": {"text": "Многабукуф. Ниасилил. В аннотации написано — «великий роман», так что ставлю максимальную оценку", "author": 102, "pub_date": "2023-05-03T08:36:24.070Z", "title": 22, "score": 10}}, {"model": "reviews.review", "pk": 53, "fields": {"text": "Если такой жанр вам по вкусу, то даже не сомневайтесь: садитесь читать! Роман - огонь! Интересный сюжет, великолепные персонажи, небо Аустерлица и встреча с дубом", "author": 103, "pub_date": "2023-05-03T08:36:24.075Z", "title": 22, "score": 10}}, {"model": "reviews.review", "pk": 54, "fields": {"text": "Я ВиМ в школе читал (заставляли), а потом опять случайно прочёл, и оказалось, что он и правла великий, а не просто так. Не ставлю десятку только в память о школьных мучениях", "author": 104, "pub_date": "2023-05-03T08:36:24.080Z", "title": 22, "score": 8}}, {"model": "reviews.review", "pk": 55, "fields": {"text": "Ничего не понял", "author": 100, "pub_date": "2023-05-03T08:36:24.085Z", "title": 23, "score": 3}}, {"model": "reviews.review", "pk": 56, "fields": {"text": "Не понял вообще ничего", "author": 101, "pub_date": "2023-05-03T08:36:24.090Z", "title": 23, "score": 1}}, {"model": "reviews.review", "pk": 57, "fields": {"text": "Совсем непонятно, но здорово", "author": 102, "pub_date": "2023-05-03T08:36:24.094Z", "title": 23, "score": 8}}, {"model": "reviews.review", "pk": 58, "fields": {"text": "Что это было?! Десятка за уровень непонятности", "author": 103, "pub_date": "2023-05-03T08:36:24.099Z", "title": 23, "score": 10}}, {"model": "reviews.review", "pk": 59, "fields": {"text": "Детально комментировать не буду, но это шедевр", "author": 104, "pub_date": "2023-05-03T08:36:24.104Z", "title": 23, "score": 10}}, {"model": "reviews.review", "pk": 60, "fields": {"text": "Не может быть такого. Это всё придумано, автор попытался обмануть читателя, но мы, читатели, умнее его. Нас вокруг пальца не обведёшь!!", "author": 102, "pub_date": "2023-05-03T08:36:24.109Z", "title": 24, "score": 2}}, {"model": "reviews.review", "pk": 61, "fields": {"text": "Всё совершенно не так, как на самом деле, и в документальной повести это хорошо описано", "author": 103, "pub_date": "2023-05-03T08:36:24.114Z", "title": 24, "score": 9}}, {"model": "reviews.review", "pk": 62, "fields": {"text": "Это просто «Война и мир» для детей. Читать всем", "author": 100, "pub_date": "2023-05-03T08:36:24.119Z", "title": 25, "score": 10}}, {"model": "reviews.review", "pk": 63, "fields": {"text": "Если бы я только мог на минутку перестать бумкать головой по ступенькам и как следует сосредоточиться — я бы написал прекрасный отзыв. Но увы — сосредоточиться-то мне и некогда: учёба, работа. Просто поставлю пятёрку", "author": 104, "pub_date": "2023-05-03T08:36:24.124Z", "title": 25, "score": 10}}, {"model": "reviews.review", "pk": 64, "fields": {"text": "Слушаю и плачу. Плачу, но слушаю", "author": 101, "pub_date": "2023-05-03T08:36:24.128Z", "title": 26, "score": 10}}, {"model": "reviews.review", "pk": 65, "fields": {"text": "Какой-то непонятный шум. Неужели это кто-то слушает?", "author": 102, "pub_date": "2023-05-03T08:36:24.133Z", "title": 27, "score": 1}}, {"model": "reviews.review", "pk": 66, "fields": {"text": "Ничего не понятно. О чём эта песня, чему она учит?", "author": 103, "pub_date": "2023-05-03T08:36:24.138Z", "title": 27, "score": 2}}, {"model": "reviews.review", "pk": 67, "fields": {"text": "Неужели песню про аквалангистов перевели на английский?! Ну наконец-то! Аквалангисты — это хорошо!", "author": 100, "pub_date": "2023-05-03T08:36:24.143Z", "title": 28, "score": 10}}, {"model": "reviews.review", "pk": 68, "fields": {"text": "Йэн Андерсон великий!!!!!!!!1111", "author": 104, "pub_date": "2023-05-03T08:36:24.148Z", "title": 28, "score": 10}}, {"model": "reviews.review", "pk": 69, "fields": {"text": "Мы прыгали, вертелись и кружились так, что пол ходил ходуном!", "author": 101, "pub_date": "2023-05-03T08:36:24.153Z", "title": 29, "score": 10}}, {"model": "reviews.review", "pk": 70, "fields": {"text": "Это единственный риф, который я умею играть на своей супердорогой гитаре! Моя любимая песня", "author": 104, "pub_date": "2023-05-03T08:36:24.158Z", "title": 30, "score": 10}}, {"model": "reviews.review", "pk": 71, "fields": {"text": "Странно: Моцарт - австриец, а марш - турецкий. Не понимаю, как так вышло. Звучит красиво, но за географическую путаницу ставлю восемь", "author": 100, "pub_date": "2023-05-03T08:36:24.162Z", "title": 31, "score": 8}}, {"model": "reviews.review", "pk": 72, "fields": {"text": "Бах forever. Это вам не три аккорда на гитаре, как у смок он зе вотер", "author": 102, "pub_date": "2023-05-03T08:36:24.167Z", "title": 32, "score": 10}}, {"model": "reviews.comment", "pk": 1, "fields": {"text": "Ничего подобного, в фильме всё не так, и программирование тут вообще ни при чём!", "author": 102, "pub_date": "2023-05-03T08:36:24.172Z", "review": 6}}, {"model": "reviews.comment", "pk": 2, "fields": {"text": "Ну надо же, не нашлось ничего лучшего, кроме как прокомментировать разговор про гамбургеры, будто в фильме ничего важнее этого нет", "author": 101, "pub_date": "2023-05-03T08:36:24.178Z", "review": 6}}, {"model": "reviews.comment", "pk": 3, "fields": {"text": "Кстати, а что такое \"четверть фунта\"? В граммах это сколько?", "author": 103, "pub_date": "2023-05-03T08:36:24.183Z", "review": 6}}, {"model": "users.user", "pk": 1, "fields": {"password": "pbkdf2_sha256$260000$LsXWLJXIaQuLRBLrkAzKJm$gG4nfG+to4AfB6nyq67M0E1y2RLpriJmrx2lVU8WbAQ=", "last_login": "2023-05-03T08:31:03.385Z", "is_superuser": true, "username": "admin", "first_name": "", "last_name": "", "is_staff": true, "is_active": true, "date_joined": "2023-05-03T08:30:42.489Z", "bio": "", "email": "admin@admin.admin", "role": "user", "confirmation_code": "71067bb6-2138-4907-9771-66183a9b3d84", "groups": [], "user_permissions": []}}, {"model": "users.user", "pk": 100, "fields": {"password": "", "last_login": null, "is_superuser": false, "username": "bingobongo", "first_name": "", "last_name": "", "is_staff": false, "is_active": true, "date_joined": "2023-05-03T08:36:23.455Z", "bio": "", "email": "bingobongo@yamdb.fake", "role": "user", "confirmation_code": "6ece5e25-84d1-481d-905e-3ba4f8db2ce8", "groups": [], "user_permissions": []}}, {"model": "users.user", "pk": 101, "fields": {"password": "", "last_login": null, "is_superuser": false, "username": "capt_obvious", "first_name": "", "last_name": "", "is_staff": false, "is_active": true, "date_joined": "2023-05-03T08:36:23.466Z", "bio": "", "email": "capt_obvious@yamdb.fake", "role": "admin", "confirmation_code": "b8570788-d792-46c6-a481-b17848efea4e", "groups": [], "user_permissions": []}}, {"model": "users.user", "pk": 102, "fields": {"password": "", "last_login": null, "is_superuser": false, "username": "faust", "first_name": "", "last_name": "", "is_staff": false, "is_active": true, "date_joined": "2023-05-03T08:36:23.469Z", "bio": "", "email": "faust@yamdb.fake", "role": "user", "confirmation_code": "c86e2b6a-fd50-4572-8068-056845679e8c", "groups": [], "user_permissions": []}}, {"model": "users.user", "pk": 103, "fields": {"password": "", "last_login": null, "is_superuser": false, "username": "reviewer", "first_name": "", "last_name": "", "is_staff": false, "is_active": true, "date_joined": "2023-05-03T08:36:23.472Z", "bio": "", "email": "reviewer@yamdb.fake", "role": "user", "confirmation_code": "a43c1381-e54e-48a2-b2a5-a042bf1ab680", "groups": [], "user_permissions": []}}, {"model": "users.user", "pk": 104, "fields": {"password": "", "last_login": null, "is_superuser": false, "username": "angry", "first_name": "", "last_name": "", "is_staff": false, "is_active": true, "date_joined": "2023-05-03T08:36:23.476Z", "bio": "", "email": "angry@yamdb.fake", "role": "moderator", "confirmation_code": "d3fb6257-1b4b-40f4-939f-7197b3338081", "groups": [], "user_permissions": []}}]